日付,始値,高値,安値,終値,5日平均,25日平均,75日平均,VWAP,出来高,5日平均,25日平均
2025/07/18,"2,189","2,212","2,123","2,136","2,145.20","2,189.36","2,141.86","2,170.7237","1,501,800","1,831,180.00","2,315,404.00"
2025/07/17,"2,173","2,219","2,145","2,158","2,138.60","2,187.92","2,144.18","2,178.8232","1,492,200","1,783,840.00","2,590,736.00"
2025/07/16,"2,173","2,213","2,141","2,155","2,126.40","2,185.80","2,147.37","2,177.1979","1,475,300","1,696,320.00","2,866,724.00"
2025/07/15,"2,123","2,226","2,112","2,187","2,113.00","2,179.76","2,152.12","2,187.9489","3,559,600","1,646,680.00","2,859,740.00"
2025/07/14,"2,106","2,127","2,083","2,090","2,081.40","2,172.28","2,157.30","2,105.8663","1,127,000","1,255,780.00","2,785,040.00"
2025/07/11,"2,090","2,128","2,087","2,103","2,074.20","2,168.92","2,164.57","2,105.2422","1,265,100","1,192,380.00","2,820,584.00"
2025/07/10,"2,097","2,115","2,075","2,097","2,066.40","2,163.76","2,172.90","2,091.9948","1,054,600","1,233,260.00","2,839,072.00"
2025/07/09,"2,044","2,094","2,023","2,088","2,060.20","2,158.56","2,181.78","2,054.7024","1,227,100","1,674,080.00","2,870,204.00"
2025/07/08,"2,045","2,083","2,021","2,029","2,078.20","2,153.44","2,191.62","2,053.2377","1,605,100","1,817,220.00","2,941,948.00"
2025/07/07,"2,051","2,089","2,045","2,054","2,126.40","2,151.76","2,202.73","2,069.2268","810,000","1,891,740.00","2,964,576.00"
2025/07/04,"2,081","2,098","2,058","2,064","2,175.80","2,150.60","2,213.36","2,078.2866","1,469,500","2,319,620.00","3,022,848.00"
2025/07/03,"2,152","2,156","2,064","2,066","2,213.00","2,150.80","2,223.06","2,088.0643","3,258,700","2,447,740.00","3,086,232.00"
2025/07/02,"2,250","2,278","2,175","2,178","2,258.00","2,152.68","2,230.97","2,217.8256","1,942,800","2,339,860.00","3,088,968.00"
2025/07/01,"2,327","2,344","2,259","2,270","2,272.60","2,147.88","2,237.98","2,306.0283","1,977,700","3,042,840.00","3,116,828.00"
2025/06/30,"2,265","2,342","2,237","2,301","2,281.40","2,138.56","2,244.06","2,296.5615","2,949,400","2,988,240.00","3,109,248.00"
2025/06/27,"2,298","2,315","2,237","2,250","2,278.40","2,128.08","2,249.22","2,264.3010","2,110,100","2,676,280.00","3,107,668.00"
2025/06/26,"2,255","2,317","2,219","2,291","2,286.20","2,121.24","2,258.70","2,270.6273","2,719,300","2,770,300.00","3,158,076.00"
2025/06/25,"2,214","2,292","2,164","2,251","2,290.20","2,109.84","2,263.81","2,220.5636","5,457,700","2,967,400.00","3,204,928.00"
2025/06/24,"2,300","2,331","2,293","2,314","2,302.20","2,098.36","2,270.74","2,311.0829","1,704,700","2,802,180.00","3,098,588.00"
2025/06/23,"2,252","2,294","2,237","2,286","2,288.40","2,086.40","2,274.65","2,269.7901","1,389,600","3,076,620.00","3,154,564.00"
2025/06/20,"2,308","2,313","2,226","2,289","2,273.20","2,074.24","2,279.68","2,264.4657","2,580,200","3,557,560.00","3,235,080.00"
2025/06/19,"2,297","2,365","2,291","2,311","2,235.40","2,063.12","2,284.66","2,335.9018","3,704,800","4,718,540.00","3,393,168.00"
2025/06/18,"2,245","2,343","2,236","2,311","2,194.20","2,050.52","2,288.78","2,308.1867","4,631,600","5,655,960.00","3,543,488.00"
2025/06/17,"2,190","2,248","2,185","2,245","2,132.80","2,035.32","2,291.65","2,213.1981","3,076,900","4,989,780.00","4,047,356.00"
2025/06/16,"2,104","2,214","2,088","2,210","2,083.80","2,035.44","2,295.20","2,169.0888","3,794,300","4,712,820.00","4,100,036.00"
2025/06/13,"2,147","2,229","2,080","2,100","2,043.00","2,039.16","2,299.56","2,163.4705","8,385,100","4,357,080.00","4,088,244.00"
2025/06/12,"2,080","2,151","2,058","2,105","2,017.80","2,049.44","2,303.22","2,108.9868","8,391,900","3,025,520.00","3,916,532.00"
2025/06/11,"2,000","2,014","1,983","2,004","1,990.20","2,056.36","2,308.52","1,998.4878","1,300,700","1,713,720.00","3,739,528.00"
2025/06/10,"2,010","2,023","1,978","2,000","1,981.40","2,064.24","2,315.82","1,996.6422","1,692,100","2,057,720.00","3,777,380.00"
2025/06/09,"1,991","2,019","1,982","2,006","1,978.80","2,073.28","2,323.06","2,002.8925","2,015,600","2,153,460.00","3,866,948.00"
2025/06/06,"1,968","2,009","1,967","1,974","1,982.60","2,079.96","2,331.33","1,983.9275","1,727,300","2,203,700.00","3,901,556.00"
2025/06/05,"1,964","1,995","1,942","1,967","2,001.60","2,088.24","2,337.56","1,973.7052","1,832,900","2,469,060.00","4,061,544.00"
2025/06/04,"1,969","1,978","1,931","1,960","2,030.80","2,092.36","2,347.20","1,950.4851","3,020,700","2,767,900.00","4,080,028.00"
2025/06/03,"2,018","2,018","1,981","1,987","2,050.40","2,097.24","2,366.26","1,995.3500","2,170,800","2,691,620.00","4,116,000.00"
2025/06/02,"2,081","2,081","2,022","2,025","2,060.40","2,099.24","2,383.70","2,039.1632","2,266,800","2,615,100.00","4,182,616.00"
2025/05/30,"2,094","2,134","2,059","2,069","2,063.20","2,100.80","2,399.10","2,096.9119","3,054,100","2,743,720.00","4,254,384.00"
2025/05/29,"2,060","2,113","2,043","2,113","2,065.20","2,097.68","2,412.92","2,086.3507","3,327,100","2,806,960.00","4,308,404.00"
2025/05/28,"2,042","2,101","2,039","2,058","2,043.80","2,095.44","2,425.88","2,069.3736","2,639,300","2,919,660.00","4,349,656.00"
2025/05/27,"2,043","2,053","2,016","2,037","2,025.00","2,098.60","2,437.61","2,036.5557","1,788,200","2,951,640.00","4,381,928.00"
2025/05/26,"2,086","2,119","2,033","2,039","2,020.60","2,102.28","2,447.44","2,065.8348","2,909,900","3,214,820.00","4,570,644.00"
2025/05/23,"2,020","2,085","2,012","2,079","2,009.20","2,105.80","2,457.44","2,066.0602","3,370,300","3,313,340.00","5,108,792.00"
2025/05/22,"1,959","2,060","1,948","2,006","1,995.60","2,117.28","2,467.40","2,013.5615","3,890,600","3,945,760.00","5,079,704.00"
2025/05/21,"2,015","2,042","1,958","1,964","1,993.60","2,131.12","2,478.01","1,997.8401","2,799,200","4,660,200.00","5,060,740.00"
2025/05/20,"1,982","2,017","1,961","2,015","1,987.00","2,146.96","2,488.93","1,984.9899","3,104,100","7,546,020.00","5,162,196.00"
2025/05/19,"1,961","2,017","1,945","1,982","2,033.60","2,160.72","2,498.32","1,977.0902","3,402,500","7,803,980.00","5,230,420.00"
2025/05/16,"2,023","2,096","2,008","2,011","2,097.80","2,169.72","2,508.85","2,054.7601","6,532,400","7,823,380.00","5,309,092.00"
2025/05/15,"1,924","2,028","1,900","1,996","2,167.00","2,180.00","2,519.16","1,969.2957","7,462,800","7,335,360.00","5,257,832.00"
2025/05/14,"1,998","2,022","1,857","1,931","2,223.40","2,180.32","2,531.25","1,924.1647","17,228,300","6,636,160.00","5,238,160.00"
2025/05/13,"2,330","2,335","2,200","2,248","2,277.40","2,193.60","2,542.68","2,282.4842","4,393,900","3,639,900.00","4,896,632.00"
2025/05/12,"2,370","2,392","2,282","2,303","2,273.00","2,196.48","2,549.16","2,333.1727","3,499,500","3,547,380.00","5,051,948.00"
2025/05/09,"2,290","2,391","2,287","2,357","2,247.00","2,197.08","2,555.24","2,356.2400","4,092,300","3,423,640.00","5,110,468.00"
2025/05/08,"2,210","2,300","2,207","2,278","2,211.80","2,195.20","2,560.85","2,263.8217","3,966,800","3,750,580.00","5,133,884.00"
2025/05/07,"2,206","2,223","2,183","2,201","2,170.20","2,199.96","2,567.14","2,203.1593","2,247,000","3,416,220.00","5,195,100.00"
2025/05/02,"2,200","2,229","2,165","2,226","2,146.40","2,212.36","2,575.06","2,199.8138","3,931,300","3,750,820.00","5,371,556.00"
2025/05/01,"2,166","2,177","2,130","2,173","2,108.60","2,226.36","2,583.05","2,157.1344","2,880,800","3,731,800.00","5,391,980.00"
2025/04/30,"2,090","2,184","2,084","2,181","2,086.80","2,244.84","2,588.54","2,144.6072","5,727,000","3,967,840.00","5,472,260.00"
2025/04/28,"2,090","2,093","2,053","2,070","2,048.80","2,266.72","2,593.78","2,074.7489","2,295,000","3,703,360.00","5,362,104.00"
2025/04/25,"2,045","2,090","2,037","2,082","2,046.20","2,294.44","2,600.12","2,067.3300","3,920,000","4,116,040.00","5,442,256.00"
2025/04/24,"2,048","2,070","2,006","2,037","2,057.20","2,324.20","2,605.65","2,027.5290","3,836,200","4,021,260.00","5,545,956.00"
2025/04/23,"2,050","2,069","2,003","2,064","2,075.60","2,357.20","2,613.53","2,027.8926","4,061,000","4,555,240.00","5,725,932.00"
2025/04/22,"2,049","2,062","1,989","1,991","2,088.20","2,388.68","2,621.34","2,010.5833","4,404,600","7,015,760.00","5,938,364.00"
2025/04/21,"2,110","2,115","2,045","2,057","2,163.20","2,420.72","2,630.42","2,069.3096","4,358,400","6,663,460.00","6,236,932.00"
2025/04/18,"2,139","2,150","2,103","2,137","2,222.20","2,444.80","2,641.14","2,125.8933","3,446,100","6,475,080.00","6,472,408.00"
2025/04/17,"2,142","2,149","2,070","2,129","2,266.80","2,467.48","2,649.30","2,116.2692","6,506,100","6,852,980.00","7,098,184.00"
2025/04/16,"2,216","2,228","2,090","2,127","2,312.80","2,491.36","2,654.92","2,149.3096","16,363,600","6,513,700.00","7,328,328.00"
2025/04/15,"2,380","2,398","2,332","2,366","2,328.80","2,513.80","2,659.98","2,363.5440","2,643,100","4,314,840.00","7,250,988.00"
2025/04/14,"2,370","2,405","2,340","2,352","2,309.20","2,537.60","2,663.30","2,373.6861","3,416,500","4,836,400.00","8,026,240.00"
2025/04/11,"2,309","2,362","2,246","2,360","2,239.60","2,550.48","2,666.90","2,302.3235","5,335,600","5,547,300.00","8,531,260.00"
2025/04/10,"2,372","2,372","2,300","2,359","2,220.20","2,566.92","2,669.73","2,340.0584","4,809,700","6,218,200.00","9,009,624.00"
2025/04/09,"2,233","2,242","2,147","2,207","2,212.40","2,576.84","2,673.81","2,194.7329","5,369,300","6,911,620.00","9,055,768.00"
2025/04/08,"2,237","2,285","2,206","2,268","2,234.60","2,595.08","2,680.97","2,246.0462","5,250,900","6,830,260.00","9,212,828.00"
2025/04/07,"2,000","2,102","1,993","2,004","2,243.00","2,610.88","2,687.36","2,052.3254","6,971,000","6,715,620.00","9,302,336.00"
2025/04/04,"2,300","2,310","2,151","2,263","2,321.60","2,635.52","2,696.61","2,214.8601","8,690,100","6,420,860.00","9,530,960.00"
2025/04/03,"2,200","2,390","2,200","2,320","2,371.20","2,646.04","2,702.64","2,326.5854","8,276,800","6,014,520.00","9,381,932.00"
2025/04/02,"2,318","2,339","2,257","2,318","2,422.40","2,653.68","2,707.41","2,304.7976","4,962,500","5,247,540.00","9,264,528.00"
2025/04/01,"2,411","2,412","2,310","2,310","2,485.80","2,662.44","2,710.33","2,349.2028","4,677,700","5,232,600.00","9,364,748.00"
2025/03/31,"2,494","2,509","2,393","2,397","2,569.40","2,665.04","2,713.02","2,420.4247","5,497,200","4,891,680.00","9,433,668.00"
2025/03/28,"2,550","2,592","2,494","2,511","2,642.60","2,669.24","2,712.94","2,538.0263","6,658,400","4,652,000.00","9,503,416.00"
2025/03/27,"2,630","2,652","2,561","2,576","2,705.60","2,670.88","2,711.57","2,608.1414","4,441,900","4,622,820.00","9,579,484.00"
2025/03/26,"2,727","2,727","2,631","2,635","2,762.80","2,669.56","2,707.96","2,658.1514","4,887,800","5,401,560.00","9,760,660.00"
2025/03/25,"2,784","2,786","2,721","2,728","2,806.00","2,669.20","2,708.26","2,751.6468","2,973,100","6,298,360.00","10,168,460.00"
2025/03/24,"2,841","2,848","2,754","2,763","2,818.80","2,657.72","2,706.54","2,795.2113","4,298,800","8,077,500.00","10,886,572.00"
2025/03/21,"2,897","2,936","2,822","2,826","2,798.00","2,654.80","2,704.74","2,868.7217","6,512,500","9,266,800.00","11,292,416.00"
2025/03/19,"2,862","2,916","2,827","2,862","2,773.60","2,677.36","2,702.37","2,870.1060","8,335,600","11,782,400.00","11,274,188.00"
2025/03/18,"2,840","2,878","2,797","2,851","2,746.40","2,694.68","2,700.21","2,844.3169","9,371,800","12,567,220.00","11,077,392.00"
2025/03/17,"2,679","2,792","2,660","2,792","2,713.80","2,707.84","2,697.56","2,720.6058","11,868,800","13,578,880.00","10,823,888.00"
2025/03/14,"2,699","2,700","2,595","2,659","2,747.60","2,720.36","2,696.40","2,643.3499","10,245,300","15,610,000.00","10,474,780.00"
2025/03/13,"2,776","2,904","2,704","2,704","2,750.60","2,737.40","2,695.40","2,798.8223","19,090,500","16,769,340.00","10,280,256.00"
2025/03/12,"2,750","2,819","2,691","2,726","2,764.00","2,746.76","2,693.25","2,749.7693","12,259,700","16,410,180.00","9,769,856.00"
2025/03/11,"2,893","2,911","2,638","2,688","2,740.20","2,748.68","2,689.93","2,708.6642","14,430,100","15,150,900.00","9,381,656.00"
2025/03/10,"2,774","3,085","2,741","2,961","2,735.20","2,752.72","2,687.13","2,963.5014","22,024,400","14,124,040.00","8,947,616.00"
2025/03/07,"2,674","2,737","2,582","2,674","2,675.60","2,747.32","2,680.52","2,645.6446","16,042,000","11,216,880.00","8,270,572.00"
2025/03/06,"2,605","2,889","2,578","2,771","2,664.80","2,752.44","2,677.61","2,771.6501","17,294,700","10,545,800.00","7,823,752.00"
2025/03/05,"2,657","2,712","2,596","2,607","2,615.80","2,752.92","2,671.17","2,641.2017","5,963,300","8,079,740.00","7,302,680.00"
2025/03/04,"2,640","2,689","2,556","2,663","2,596.60","2,757.40","2,666.05","2,619.4635","9,295,800","7,955,420.00","7,252,152.00"
2025/03/03,"2,650","2,670","2,563","2,663","2,571.40","2,761.76","2,659.77","2,628.1973","7,488,600","7,589,860.00","7,045,208.00"
2025/02/28,"2,605","2,684","2,525","2,620","2,513.80","2,766.60","2,653.78","2,607.4249","12,686,600","7,372,280.00","6,938,216.00"
2025/02/27,"2,511","2,606","2,506","2,526","2,490.20","2,777.92","2,647.74","2,557.2123","4,964,400","6,283,140.00","6,847,740.00"
2025/02/26,"2,503","2,548","2,481","2,511","2,495.40","2,788.40","2,643.56","2,518.2414","5,341,700","7,002,280.00","6,796,252.00"
2025/02/25,"2,365","2,550","2,365","2,537","2,501.80","2,797.32","2,638.00","2,470.7230","7,468,000","7,728,200.00","6,745,440.00"
2025/02/21,"2,459","2,479","2,364","2,375","2,519.60","2,806.20","2,629.74","2,402.4804","6,400,700","9,251,160.00","6,561,348.00"
2025/02/20,"2,555","2,622","2,495","2,502","2,532.80","2,822.32","2,621.38","2,551.0975","7,240,900","12,156,200.00","6,513,132.00"
2025/02/19,"2,531","2,610","2,495","2,552","2,570.40","2,832.24","2,608.78","2,543.4212","8,560,100","13,597,000.00","6,542,568.00"
2025/02/18,"2,605","2,646","2,517","2,543","2,738.00","2,841.96","2,595.21","2,568.3373","8,971,300","13,096,340.00","6,459,756.00"
2025/02/17,"2,455","2,626","2,432","2,626","2,888.40","2,853.24","2,581.86","2,531.9111","15,082,800","11,985,220.00","6,515,352.00"
2025/02/14,"2,704","2,709","2,393","2,441","2,999.20","2,851.60","2,567.72","2,498.7716","20,925,900","9,575,500.00","6,046,296.00"
2025/02/13,"2,930","2,966","2,690","2,690","3,132.00","2,856.92","2,555.76","2,757.3651","14,444,900","6,018,540.00","5,389,120.00"
2025/02/12,"3,300","3,420","3,265","3,390","3,211.00","2,851.12","2,540.96","3,358.5351","6,056,800","4,206,000.00","5,057,088.00"
2025/02/10,"3,185","3,300","3,145","3,295","3,120.60","2,815.40","2,517.18","3,222.9408","3,415,700","4,260,740.00","4,955,676.00"
2025/02/07,"3,105","3,195","3,090","3,180","3,016.40","2,788.72","2,495.04","3,146.3134","3,034,200","4,088,540.00","5,070,628.00"
2025/02/06,"3,085","3,130","3,050","3,105","2,938.20","2,767.52","2,474.85","3,094.6695","3,141,100","4,197,520.00","5,154,588.00"
2025/02/05,"2,967","3,095","2,967","3,085","2,882.40","2,750.20","2,456.00","3,022.0973","5,382,200","4,588,960.00","5,370,272.00"
2025/02/04,"2,782","2,954","2,771","2,938","2,825.80","2,741.24","2,437.26","2,859.0330","6,330,500","4,486,820.00","5,538,928.00"
2025/02/03,"2,771","2,811","2,722","2,774","2,794.80","2,733.68","2,420.36","2,771.5719","2,554,700","4,074,300.00","5,569,664.00"
2025/01/31,"2,826","2,826","2,755","2,789","2,783.80","2,724.72","2,405.85","2,794.3317","3,579,100","4,503,380.00","5,621,844.00"
2025/01/30,"2,787","2,887","2,771","2,826","2,780.40","2,713.44","2,391.44","2,832.3256","5,098,300","4,612,000.00","5,619,188.00"
2025/01/29,"2,763","2,908","2,752","2,802","2,772.00","2,705.00","2,376.34","2,840.4354","4,871,500","4,555,100.00","5,525,464.00"
2025/01/28,"2,715","2,815","2,678","2,783","2,792.20","2,697.80","2,362.54","2,753.5630","4,267,900","5,665,740.00","5,497,840.00"
2025/01/27,"2,800","2,865","2,711","2,719","2,793.20","2,689.36","2,348.80","2,795.8106","4,700,100","5,547,600.00","5,471,976.00"
2025/01/24,"2,803","2,853","2,760","2,772","2,796.20","2,687.20","2,336.41","2,801.8167","4,122,200","5,421,860.00","5,489,824.00"
2025/01/23,"2,905","2,907","2,758","2,784","2,793.60","2,686.08","2,322.73","2,807.0368","4,813,800","5,170,560.00","5,629,672.00"
2025/01/22,"2,838","3,010","2,802","2,903","2,792.40","2,684.60","2,309.61","2,932.0085","10,424,700","5,246,860.00","5,711,060.00"
2025/01/21,"2,766","2,821","2,716","2,788","2,761.80","2,676.40","2,294.90","2,762.1349","3,677,200","4,757,280.00","5,527,036.00"
2025/01/20,"2,760","2,851","2,723","2,734","2,763.20","2,673.48","2,282.82","2,789.9349","4,071,400","5,319,800.00","5,617,144.00"
2025/01/17,"2,760","2,790","2,709","2,759","2,781.40","2,671.24","2,271.77","2,744.2875","2,865,700","6,577,760.00","5,711,160.00"
2025/01/16,"2,778","2,828","2,750","2,778","2,746.60","2,662.36","2,259.41","2,788.1724","5,195,300","6,675,900.00","5,785,948.00"
2025/01/15,"2,843","2,907","2,736","2,750","2,705.80","2,651.72","2,247.09","2,844.5409","7,976,800","6,536,140.00","5,796,320.00"
2025/01/14,"2,800","2,866","2,772","2,795","2,664.80","2,637.36","2,235.88","2,827.3876","6,489,800","6,169,600.00","5,656,488.00"
2025/01/10,"2,585","2,839","2,559","2,825","2,605.20","2,621.88","2,224.26","2,766.5015","10,361,200","5,575,940.00","5,742,396.00"
2025/01/09,"2,540","2,614","2,507","2,585","2,565.80","2,601.08","2,210.88","2,563.9122","3,356,400","4,761,600.00","5,848,252.00"
2025/01/08,"2,514","2,634","2,504","2,574","2,578.80","2,604.00","2,200.93","2,586.5878","4,496,500","5,116,960.00","5,889,164.00"
2025/01/07,"2,547","2,665","2,511","2,545","2,598.40","2,605.00","2,190.68","2,577.1005","6,144,100","5,924,300.00","5,875,628.00"
2025/01/06,"2,619","2,659","2,496","2,497","2,661.60","2,608.32","2,180.92","2,566.3773","3,521,500","6,615,200.00","5,817,572.00"
2024/12/30,"2,700","2,749","2,625","2,628","2,712.00","2,614.36","2,169.84","2,665.2007","6,289,500","7,330,680.00","5,868,788.00"
2024/12/27,"2,703","2,758","2,634","2,650","2,696.40","2,617.24","2,157.61","2,692.3974","5,133,200","6,844,620.00","5,820,504.00"
2024/12/26,"2,870","2,890","2,670","2,672","2,667.80","2,617.32","2,145.30","2,736.9979","8,533,200","6,520,520.00","5,846,108.00"
2024/12/25,"2,748","2,913","2,733","2,861","2,656.40","2,618.64","2,132.90","2,856.7024","9,598,600","5,364,920.00","5,775,720.00"
2024/12/24,"2,567","2,749","2,530","2,749","2,608.60","2,607.56","2,118.65","2,686.3306","7,098,900","4,281,380.00","5,782,356.00"
2024/12/23,"2,513","2,594","2,507","2,550","2,573.20","2,599.32","2,104.69","2,554.5715","3,859,200","3,585,860.00","5,756,976.00"
2024/12/20,"2,617","2,642","2,492","2,507","2,596.20","2,596.40","2,094.26","2,547.1758","3,512,700","3,843,280.00","5,778,044.00"
2024/12/19,"2,572","2,652","2,556","2,615","2,643.60","2,595.24","2,084.74","2,613.5934","2,755,200","4,664,420.00","5,918,232.00"
2024/12/18,"2,582","2,651","2,547","2,622","2,670.00","2,589.24","2,073.61","2,607.8165","4,180,900","5,483,080.00","6,179,044.00"
2024/12/17,"2,695","2,703","2,564","2,572","2,685.20","2,582.60","2,062.00","2,627.1510","3,621,300","5,811,720.00","6,819,044.00"
2024/12/16,"2,731","2,737","2,601","2,665","2,713.80","2,571.24","2,051.54","2,655.6766","5,146,300","6,273,440.00","6,827,596.00"
2024/12/13,"2,769","2,832","2,721","2,744","2,716.40","2,553.56","2,040.46","2,778.3542","7,618,400","6,528,540.00","6,737,884.00"
2024/12/12,"2,715","2,799","2,661","2,747","2,675.00","2,531.48","2,028.37","2,748.3639","6,848,500","5,951,940.00","6,724,292.00"
2024/12/11,"2,717","2,732","2,607","2,698","2,628.00","2,510.16","2,013.88","2,674.0500","5,824,100","5,673,160.00","6,707,764.00"
2024/12/10,"2,665","2,755","2,636","2,715","2,566.60","2,488.92","1,999.86","2,696.8918","5,929,900","5,404,540.00","6,741,232.00"
2024/12/09,"2,544","2,687","2,535","2,678","2,505.20","2,468.80","1,985.80","2,632.0803","6,421,800","5,946,060.00","7,026,220.00"
2024/12/06,"2,538","2,562","2,451","2,537","2,430.60","2,445.44","1,972.64","2,511.8950","4,735,400","7,263,220.00","7,399,564.00"
2024/12/05,"2,429","2,528","2,416","2,512","2,454.80","2,420.68","1,960.38","2,494.5338","5,454,600","7,191,980.00","7,530,828.00"
2024/12/04,"2,379","2,445","2,343","2,391","2,472.20","2,390.12","1,949.32","2,398.9831","4,481,000","6,932,680.00","7,643,132.00"
2024/12/03,"2,268","2,450","2,235","2,408","2,519.60","2,356.76","1,939.70","2,369.5524","8,637,500","6,975,020.00","7,520,996.00"
2024/12/02,"2,540","2,544","2,272","2,305","2,567.60","2,321.80","1,930.26","2,349.1221","13,007,600","6,207,900.00","7,276,016.00"
2024/11/29,"2,599","2,684","2,541","2,658","2,646.60","2,291.28","1,922.14","2,612.9625","4,379,200","4,622,860.00","6,789,856.00"
2024/11/28,"2,612","2,627","2,561","2,599","2,645.40","2,247.56","1,907.06","2,597.8184","4,158,100","4,901,680.00","6,682,088.00"
2024/11/27,"2,626","2,688","2,613","2,628","2,666.60","2,205.36","1,895.57","2,643.6701","4,692,700","5,424,760.00","6,564,744.00"
2024/11/26,"2,706","2,728","2,583","2,648","2,657.80","2,163.44","1,883.20","2,640.3952","4,801,900","6,439,120.00","6,426,828.00"
2024/11/25,"2,680","2,718","2,642","2,700","2,636.80","2,121.80","1,871.38","2,681.1520","5,082,400","6,771,620.00","6,279,724.00"
2024/11/22,"2,730","2,753","2,618","2,652","2,592.20","2,079.16","1,856.06","2,672.8290","5,773,300","6,632,320.00","6,120,584.00"
2024/11/21,"2,590","2,705","2,568","2,705","2,557.40","2,039.72","1,843.86","2,649.6151","6,773,500","6,881,140.00","5,933,628.00"
2024/11/20,"2,604","2,739","2,566","2,584","2,509.40","1,999.16","1,832.82","2,673.3878","9,764,500","7,381,540.00","5,720,440.00"
2024/11/19,"2,453","2,582","2,448","2,543","2,483.80","1,963.00","1,824.41","2,529.0058","6,464,400","9,464,820.00","5,358,256.00"
2024/11/18,"2,470","2,532","2,413","2,477","2,432.80","1,928.08","1,816.56","2,454.2922","4,385,900","8,938,960.00","5,137,148.00"
2024/11/15,"2,469","2,504","2,371","2,478","2,382.00","1,896.44","1,810.14","2,443.7737","7,017,400","8,642,480.00","4,999,428.00"
2024/11/14,"2,481","2,584","2,417","2,465","2,324.80","1,865.64","1,802.80","2,491.1307","9,275,500","8,694,720.00","4,756,000.00"
2024/11/13,"2,472","2,670","2,364","2,456","2,274.60","1,834.80","1,795.97","2,510.7250","20,180,900","8,126,680.00","4,444,764.00"
2024/11/12,"2,248","2,288","2,214","2,288","2,216.80","1,807.24","1,789.14","2,252.6585","3,835,100","5,422,660.00","3,692,572.00"
2024/11/11,"2,209","2,245","2,175","2,223","2,201.60","1,785.80","1,785.14","2,217.0589","2,903,500","7,266,560.00","3,585,992.00"
2024/11/08,"2,229","2,297","2,181","2,192","2,175.80","1,768.48","1,782.44","2,244.5077","7,278,600","9,836,940.00","3,510,908.00"
2024/11/07,"2,150","2,246","2,135","2,214","2,121.00","1,750.64","1,780.78","2,203.7489","6,435,300","9,984,620.00","3,281,544.00"
2024/11/06,"2,219","2,222","2,129","2,167","2,027.80","1,734.08","1,778.98","2,178.0511","6,660,800","10,350,000.00","3,082,872.00"
2024/11/05,"2,080","2,256","2,080","2,212","1,905.80","1,719.40","1,778.58","2,184.2463","13,054,600","9,303,360.00","2,928,168.00"
2024/11/01,"1,899","2,133","1,876","2,094","1,770.20","1,706.20","1,777.01","2,046.9672","15,755,400","7,195,040.00","2,462,352.00"
2024/10/31,"1,828","1,931","1,781","1,918","1,659.80","1,698.64","1,777.61","1,861.4722","8,017,000","4,214,680.00","1,894,164.00"
2024/10/30,"1,823","1,824","1,710","1,748","1,589.20","1,695.20","1,777.13","1,760.1598","8,262,200","2,948,280.00","1,604,800.00"
2024/10/29,"1,548","1,581","1,538","1,557","1,548.40","1,699.44","1,778.86","1,558.4643","1,427,600","1,540,740.00","1,329,168.00"
2024/10/28,"1,502","1,536","1,494","1,534","1,553.00","1,713.52","1,784.28","1,516.8127","2,513,000","1,504,180.00","1,355,380.00"
2024/10/25,"1,558","1,563","1,521","1,542","1,567.60","1,729.12","1,790.13","1,540.4704","853,600","1,226,440.00","1,395,068.00"
2024/10/24,"1,521","1,574","1,491","1,565","1,586.00","1,740.28","1,796.61","1,533.3832","1,685,000","1,276,500.00","1,434,820.00"
2024/10/23,"1,568","1,584","1,544","1,544","1,606.20","1,751.24","1,801.64","1,562.7867","1,224,500","1,159,380.00","1,449,336.00"
2024/10/22,"1,610","1,611","1,579","1,580","1,635.60","1,761.68","1,807.56","1,591.7647","1,244,800","1,203,240.00","1,462,448.00"
2024/10/21,"1,635","1,651","1,606","1,607","1,655.60","1,771.00","1,812.36","1,620.2874","1,124,300","1,096,260.00","1,597,092.00"
2024/10/18,"1,660","1,668","1,618","1,634","1,668.20","1,773.36","1,817.09","1,636.3635","1,103,900","1,058,740.00","1,614,404.00"
2024/10/17,"1,700","1,719","1,657","1,666","1,678.60","1,776.44","1,822.04","1,675.3590","1,099,400","1,026,540.00","1,618,300.00"
2024/10/16,"1,674","1,696","1,643","1,691","1,687.00","1,778.88","1,827.32","1,671.9206","1,443,800","993,000.00","1,639,584.00"
2024/10/15,"1,685","1,699","1,661","1,680","1,687.60","1,780.92","1,831.94","1,678.1552","709,900","1,003,160.00","1,659,700.00"
2024/10/11,"1,690","1,695","1,663","1,670","1,705.00","1,785.40","1,835.88","1,673.6087","936,700","1,136,400.00","1,784,248.00"
2024/10/10,"1,708","1,723","1,680","1,686","1,721.40","1,786.68","1,840.38","1,693.9965","942,900","1,183,180.00","1,844,372.00"
2024/10/09,"1,720","1,738","1,702","1,708","1,742.20","1,789.96","1,845.36","1,715.9096","931,700","1,199,880.00","1,914,852.00"
2024/10/08,"1,757","1,767","1,692","1,694","1,749.80","1,793.36","1,848.96","1,714.6532","1,494,600","1,322,440.00","1,960,864.00"
2024/10/07,"1,784","1,810","1,767","1,767","1,771.00","1,796.80","1,850.25","1,788.3448","1,376,100","1,317,220.00","1,997,192.00"
2024/10/04,"1,777","1,810","1,746","1,752","1,777.60","1,796.16","1,850.20","1,768.8068","1,170,600","1,600,640.00","2,014,448.00"
2024/10/03,"1,800","1,800","1,764","1,790","1,803.60","1,797.60","1,851.13","1,782.6607","1,026,400","1,648,360.00","2,063,740.00"
2024/10/02,"1,775","1,798","1,745","1,746","1,826.60","1,799.36","1,852.72","1,764.6939","1,544,500","1,753,220.00","2,155,136.00"
2024/10/01,"1,815","1,819","1,771","1,800","1,843.80","1,803.00","1,855.36","1,795.9616","1,468,500","1,600,900.00","2,374,400.00"
2024/09/30,"1,848","1,862","1,762","1,800","1,854.60","1,797.40","1,855.44","1,803.7467","2,793,200","1,581,480.00","2,364,752.00"
2024/09/27,"1,886","1,898","1,855","1,882","1,876.40","1,791.28","1,856.69","1,870.3371","1,409,200","1,439,420.00","2,321,916.00"
2024/09/26,"1,844","1,910","1,844","1,905","1,884.80","1,782.40","1,855.46","1,887.4032","1,550,700","1,858,620.00","2,381,568.00"
2024/09/25,"1,840","1,861","1,825","1,832","1,868.00","1,773.84","1,853.53","1,842.4602","782,900","1,917,960.00","2,415,192.00"
2024/09/24,"1,926","1,926","1,847","1,854","1,869.40","1,765.28","1,852.25","1,875.0008","1,371,400","2,170,960.00","2,477,044.00"
2024/09/20,"1,949","1,950","1,892","1,909","1,859.60","1,758.40","1,851.06","1,914.2051","2,082,900","2,207,140.00","2,566,436.00"
2024/09/19,"1,854","1,939","1,852","1,924","1,840.40","1,748.84","1,849.56","1,911.7897","3,505,200","2,712,740.00","2,599,400.00"
2024/09/18,"1,849","1,872","1,801","1,821","1,788.80","1,739.88","1,846.62","1,834.5450","1,847,400","2,323,120.00","2,624,664.00"
2024/09/17,"1,807","1,853","1,791","1,839","1,766.80","1,734.88","1,845.36","1,816.5861","2,047,900","2,193,900.00","2,847,452.00"
2024/09/13,"1,790","1,834","1,787","1,805","1,744.40","1,722.40","1,841.17","1,809.5879","1,552,300","2,110,620.00","3,104,000.00"
2024/09/12,"1,700","1,844","1,692","1,813","1,731.80","1,719.68","1,837.60","1,800.8985","4,610,900","2,189,500.00","3,257,796.00"
2024/09/11,"1,719","1,728","1,650","1,666","1,727.60","1,715.16","1,835.32","1,684.6853","1,557,100","2,032,040.00","3,355,468.00"
2024/09/10,"1,739","1,740","1,704","1,711","1,734.80","1,719.00","1,835.00","1,718.1736","1,201,300","2,208,580.00","3,485,604.00"
2024/09/09,"1,692","1,739","1,690","1,727","1,746.20","1,712.60","1,833.16","1,714.4574","1,631,500","2,509,300.00","3,741,760.00"
2024/09/06,"1,793","1,800","1,730","1,742","1,759.40","1,713.00","1,832.14","1,751.7568","1,946,700","2,599,400.00","3,883,776.00"
2024/09/05,"1,693","1,804","1,683","1,792","1,767.00","1,718.40","1,832.08","1,773.3059","3,823,600","2,690,620.00","3,927,396.00"
2024/09/04,"1,725","1,752","1,690","1,702","1,758.80","1,724.84","1,832.44","1,718.6483","2,439,800","2,287,400.00","3,857,108.00"
2024/09/03,"1,800","1,849","1,768","1,768","1,776.00","1,734.92","1,835.26","1,808.1878","2,704,900","2,280,020.00","3,830,892.00"
2024/09/02,"1,800","1,815","1,759","1,793","1,789.20","1,744.04","1,836.80","1,789.9978","2,082,000","2,401,300.00","3,835,372.00"
2024/08/30,"1,771","1,815","1,750","1,780","1,798.00","1,749.40","1,837.20","1,782.7470","2,402,800","3,390,120.00","3,844,560.00"
2024/08/29,"1,753","1,804","1,748","1,751","1,774.00","1,756.32","1,838.61","1,774.1733","1,807,500","3,155,020.00","3,910,076.00"
2024/08/28,"1,836","1,839","1,763","1,788","1,753.20","1,764.04","1,841.86","1,793.0578","2,402,900","3,137,980.00","3,941,316.00"
2024/08/27,"1,813","1,863","1,803","1,834","1,727.60","1,772.04","1,840.89","1,832.8076","3,311,300","3,237,500.00","3,958,424.00"
2024/08/26,"1,692","1,838","1,686","1,837","1,699.00","1,779.48","1,839.02","1,786.5218","7,026,100","3,053,500.00","3,936,792.00"
2024/08/23,"1,648","1,663","1,626","1,660","1,655.20","1,788.72","1,837.29","1,643.4142","1,227,300","2,114,120.00","3,810,916.00"
2024/08/22,"1,664","1,680","1,634","1,647","1,659.60","1,805.48","1,837.30","1,655.0865","1,722,300","2,589,900.00","3,945,068.00"
2024/08/21,"1,688","1,737","1,653","1,660","1,664.20","1,825.08","1,837.52","1,684.8436","2,900,500","2,826,840.00","4,320,300.00"
2024/08/20,"1,658","1,702","1,653","1,691","1,672.20","1,842.44","1,837.32","1,681.8194","2,391,300","3,074,100.00","4,449,472.00"
2024/08/19,"1,680","1,688","1,618","1,618","1,673.20","1,860.36","1,837.04","1,645.7993","2,329,200","4,079,260.00","5,047,076.00"
2024/08/16,"1,704","1,732","1,662","1,682","1,655.00","1,870.92","1,838.24","1,690.3312","3,606,200","5,305,740.00","5,120,192.00"
2024/08/15,"1,700","1,706","1,653","1,670","1,666.00","1,878.76","1,839.12","1,680.3894","2,907,000","5,663,940.00","5,165,180.00"
2024/08/14,"1,695","1,729","1,651","1,700","1,672.00","1,890.48","1,840.09","1,688.9391","4,136,800","6,493,080.00","5,188,680.00"
2024/08/13,"1,535","1,712","1,531","1,696","1,684.40","1,901.40","1,841.74","1,644.4332","7,417,100","6,627,820.00","5,168,124.00"
2024/08/09,"1,598","1,648","1,492","1,527","1,655.40","1,914.68","1,843.82","1,553.8878","8,461,600","6,665,440.00","5,100,104.00"
2024/08/08,"1,702","1,773","1,673","1,737","1,697.40","1,931.28","1,848.77","1,718.8542","5,397,200","6,009,500.00","4,904,320.00"
2024/08/07,"1,701","1,745","1,610","1,700","1,725.40","1,941.32","1,850.57","1,682.9180","7,052,700","5,537,500.00","4,845,100.00"
2024/08/06,"1,719","1,775","1,660","1,762","1,776.00","1,950.92","1,853.38","1,730.0540","4,810,500","4,540,240.00","4,668,580.00"
2024/08/05,"1,600","1,728","1,530","1,551","1,814.40","1,958.92","1,854.72","1,632.3634","7,605,200","3,935,020.00","4,587,368.00"
2024/08/02,"1,801","1,839","1,718","1,737","1,903.40","1,977.08","1,859.44","1,773.7184","5,181,900","2,977,360.00","4,457,996.00"
2024/08/01,"1,920","1,969","1,838","1,877","1,941.40","1,990.08","1,862.61","1,885.7684","3,037,200","2,403,320.00","4,497,112.00"
2024/07/31,"1,929","1,953","1,893","1,953","1,956.60","1,996.52","1,864.85","1,921.5422","2,066,400","2,604,020.00","4,729,164.00"
2024/07/30,"1,977","1,978","1,932","1,954","1,954.80","1,997.40","1,866.49","1,950.2976","1,784,400","2,708,440.00","4,869,872.00"
2024/07/29,"1,955","2,015","1,954","1,996","1,961.60","1,999.56","1,869.02","1,984.9400","2,816,900","2,917,680.00","5,221,076.00"
2024/07/26,"1,944","1,973","1,913","1,927","1,966.40","2,002.08","1,870.58","1,940.2889","2,311,700","2,908,400.00","6,083,280.00"
2024/07/25,"1,907","1,974","1,885","1,953","1,994.60","2,004.12","1,873.64","1,941.2476","4,040,700","3,221,900.00","6,758,488.00"
2024/07/24,"1,970","1,994","1,933","1,944","2,019.80","1,997.64","1,876.26","1,961.6230","2,588,500","3,329,980.00","6,913,564.00"
2024/07/23,"2,039","2,077","1,988","1,988","2,058.40","1,990.40","1,879.88","2,022.1832","2,830,600","5,032,900.00","7,113,340.00"
2024/07/22,"2,068","2,068","1,986","2,020","2,079.60","1,983.76","1,883.25","2,016.1362","2,770,500","5,692,740.00","7,318,424.00"
2024/07/19,"2,063","2,093","2,040","2,068","2,103.40","1,979.32","1,886.48","2,065.9900","3,879,200","8,604,920.00","7,814,624.00"
2024/07/18,"2,120","2,155","2,079","2,079","2,066.20","1,974.36","1,889.66","2,110.9591","4,581,100","8,660,500.00","8,799,552.00"
2024/07/17,"2,156","2,260","2,135","2,137","2,026.00","1,963.44","1,893.36","2,199.0234","11,103,100","8,690,460.00","9,068,152.00"
2024/07/16,"2,127","2,143","2,072","2,094","1,991.20","1,953.72","1,897.00","2,100.7699","6,129,800","7,168,740.00","9,306,808.00"
2024/07/12,"1,915","2,142","1,903","2,139","1,967.00","1,941.56","1,901.38","2,070.5202","17,331,400","6,667,360.00","9,488,132.00"
2024/07/11,"1,883","1,892","1,814","1,882","1,944.80","1,926.40","1,905.13","1,856.5521","4,157,100","4,344,400.00","9,276,428.00"
2024/07/10,"1,970","1,986","1,865","1,878","1,956.80","1,920.56","1,913.06","1,903.3745","4,730,900","4,226,380.00","9,498,832.00"
2024/07/09,"1,973","2,007","1,933","1,963","1,978.80","1,916.04","1,921.80","1,965.9510","3,494,500","4,063,540.00","9,970,376.00"
2024/07/08,"2,028","2,028","1,965","1,973","1,974.20","1,909.36","1,928.33","1,986.6193","3,622,900","3,892,580.00","10,620,004.00"
2024/07/05,"1,952","2,040","1,937","2,028","1,972.00","1,898.60","1,934.09","1,997.2460","5,716,600","3,724,040.00","10,970,628.00"
2024/07/04,"2,001","2,003","1,934","1,942","1,967.40","1,886.52","1,939.05","1,963.3546","3,567,000","3,454,900.00","11,345,868.00"
2024/07/03,"1,939","2,006","1,924","1,988","1,991.40","1,869.84","1,944.54","1,969.3071","3,916,700","3,973,460.00","11,395,392.00"
2024/07/02,"1,966","1,979","1,915","1,940","2,001.40","1,851.80","1,950.04","1,934.4047","2,639,700","4,957,820.00","11,477,056.00"
2024/07/01,"2,027","2,035","1,962","1,962","2,008.40","1,839.88","1,956.04","1,988.1133","2,780,200","5,546,700.00","11,621,924.00"
2024/06/28,"2,078","2,087","2,005","2,005","2,017.60","1,827.08","1,962.66","2,042.2132","4,370,900","7,103,560.00","11,750,216.00"
2024/06/27,"2,034","2,106","2,018","2,062","2,028.40","1,809.80","1,966.76","2,066.8141","6,159,800","11,103,780.00","12,106,900.00"
2024/06/26,"2,008","2,109","1,983","2,038","2,011.60","1,793.36","1,971.10","2,056.1182","8,838,500","13,710,200.00","12,207,780.00"
2024/06/25,"2,010","2,054","1,965","1,975","1,962.20","1,781.32","1,975.92","1,992.0710","5,584,100","13,526,020.00","12,050,676.00"
2024/06/24,"2,150","2,160","1,986","2,008","1,919.80","1,775.08","1,982.70","2,050.1245","10,564,500","13,925,780.00","12,059,160.00"
2024/06/21,"1,995","2,098","1,974","2,059","1,882.60","1,771.32","1,988.42","2,039.7870","24,372,000","13,404,420.00","11,908,984.00"
2024/06/20,"1,800","1,992","1,797","1,978","1,852.60","1,764.28","1,994.22","1,922.0939","19,191,900","11,565,120.00","11,226,800.00"
2024/06/19,"1,800","1,837","1,777","1,791","1,845.80","1,758.08","2,001.41","1,801.7905","7,917,600","13,427,220.00","10,825,548.00"
2024/06/18,"1,838","1,859","1,757","1,763","1,848.80","1,761.88","2,011.38","1,798.5724","7,582,900","14,102,920.00","11,129,672.00"
2024/06/17,"1,895","1,899","1,812","1,822","1,875.00","1,771.16","2,021.42","1,838.7492","7,957,700","16,000,240.00","11,798,388.00"
2024/06/14,"1,927","1,979","1,860","1,909","1,868.60","1,766.88","2,031.13","1,899.5730","15,175,500","16,541,280.00","11,607,868.00"
2024/06/13,"1,916","1,988","1,877","1,944","1,838.80","1,758.28","2,039.84","1,942.9533","28,502,400","15,913,940.00","11,147,532.00"
2024/06/12,"1,895","1,911","1,796","1,806","1,797.20","1,748.80","2,046.78","1,835.1958","11,296,100","12,156,900.00","10,184,352.00"
2024/06/11,"1,808","1,923","1,802","1,894","1,789.00","1,743.00","2,056.18","1,872.1339","17,069,500","13,201,580.00","9,929,732.00"
2024/06/10,"1,749","1,843","1,723","1,790","1,769.40","1,733.76","2,064.50","1,799.8966","10,662,900","13,734,720.00","9,348,916.00"
2024/06/07,"1,731","1,808","1,706","1,760","1,752.20","1,727.96","2,074.32","1,757.6886","12,038,800","14,079,840.00","9,033,936.00"
2024/06/06,"1,780","1,787","1,688","1,736","1,745.40","1,724.36","2,084.72","1,728.6327","9,717,200","14,691,600.00","8,666,128.00"
2024/06/05,"1,806","1,844","1,753","1,765","1,703.20","1,723.24","2,094.73","1,792.5912","16,519,500","13,709,180.00","8,367,128.00"
2024/06/04,"1,720","1,852","1,704","1,796","1,657.60","1,722.56","2,104.86","1,797.0202","19,735,200","11,596,940.00","7,876,948.00"
2024/06/03,"1,687","1,766","1,666","1,704","1,626.80","1,720.44","2,114.77","1,706.8115","12,388,500","8,902,180.00","7,219,892.00"
2024/05/31,"1,520","1,730","1,516","1,726","1,614.40","1,725.24","2,126.85","1,662.2391","15,097,600","7,621,980.00","6,809,308.00"
2024/05/30,"1,513","1,560","1,505","1,525","1,583.80","1,730.28","2,140.85","1,533.3036","4,805,100","7,260,060.00","6,292,596.00"
2024/05/29,"1,632","1,638","1,535","1,537","1,609.00","1,745.20","2,157.93","1,569.2462","5,958,300","8,035,400.00","6,188,784.00"
2024/05/28,"1,640","1,696","1,622","1,642","1,649.00","1,758.60","2,176.02","1,655.9734","6,261,400","7,825,920.00","6,069,620.00"
2024/05/27,"1,581","1,644","1,558","1,642","1,684.40","1,769.36","2,192.26","1,599.8794","5,987,500","7,732,880.00","5,953,172.00"
2024/05/24,"1,611","1,617","1,516","1,573","1,738.80","1,778.16","2,207.84","1,568.9522","13,288,000","7,897,400.00","5,882,920.00"
2024/05/23,"1,757","1,765","1,621","1,651","1,800.80","1,791.44","2,224.45","1,670.8492","8,681,800","6,703,280.00","5,480,420.00"
2024/05/22,"1,803","1,815","1,737","1,737","1,835.20","1,804.40","2,240.78","1,761.9841","4,910,900","6,799,040.00","5,218,004.00"
2024/05/21,"1,931","1,933","1,816","1,819","1,865.00","1,816.72","2,255.86","1,857.8217","5,796,200","8,921,000.00","5,082,176.00"
2024/05/20,"1,883","1,962","1,868","1,914","1,900.20","1,827.00","2,270.44","1,921.2928","6,810,100","12,621,920.00","4,914,356.00"
2024/05/17,"1,830","1,906","1,789","1,883","1,860.40","1,836.20","2,284.17","1,865.0841","7,317,400","11,898,840.00","4,707,656.00"
2024/05/16,"1,905","1,945","1,800","1,823","1,822.60","1,845.40","2,297.93","1,852.2345","9,160,600","11,168,780.00","4,473,392.00"
2024/05/15,"2,002","2,049","1,810","1,886","1,799.40","1,858.72","2,310.94","1,894.9083","15,520,700","10,221,240.00","4,157,840.00"
2024/05/14,"1,939","2,089","1,889","1,995","1,754.40","1,869.28","2,321.50","2,016.7240","24,300,800","8,103,220.00","3,628,648.00"
2024/05/13,"1,678","1,730","1,666","1,715","1,688.00","1,878.08","2,330.60","1,706.0275","3,194,700","3,752,880.00","2,708,232.00"
2024/05/10,"1,729","1,755","1,675","1,694","1,674.00","1,899.12","2,342.34","1,704.6674","3,667,100","3,671,620.00","2,638,724.00"
2024/05/09,"1,665","1,725","1,617","1,707","1,669.20","1,921.84","2,353.74","1,682.9324","4,422,900","3,506,920.00","2,557,564.00"
2024/05/08,"1,670","1,744","1,658","1,661","1,669.40","1,945.84","2,365.25","1,693.6705","4,930,600","3,070,780.00","2,462,928.00"
2024/05/07,"1,675","1,712","1,651","1,663","1,686.80","1,973.64","2,378.14","1,677.7197","2,549,100","2,937,660.00","2,366,556.00"
2024/05/02,"1,670","1,691","1,638","1,645","1,702.80","2,003.52","2,392.33","1,658.0412","2,788,400","3,089,600.00","2,324,740.00"
2024/05/01,"1,685","1,698","1,658","1,670","1,738.60","2,034.64","2,406.76","1,678.4932","2,843,600","2,956,700.00","2,254,660.00"
2024/04/30,"1,770","1,773","1,699","1,708","1,775.00","2,064.64","2,420.13","1,720.4725","2,242,200","2,823,940.00","2,197,688.00"
2024/04/26,"1,726","1,759","1,683","1,748","1,813.00","2,095.40","2,432.92","1,724.8163","4,265,000","2,817,460.00","2,178,784.00"
2024/04/25,"1,799","1,818","1,735","1,743","1,837.80","2,126.80","2,445.48","1,770.1815","3,308,800","2,560,300.00","2,078,164.00"
2024/04/24,"1,871","1,886","1,816","1,824","1,871.40","2,155.20","2,459.17","1,845.8241","2,123,900","2,568,580.00","2,012,532.00"
2024/04/23,"1,919","1,932","1,850","1,852","1,879.00","2,178.44","2,472.52","1,879.6026","2,179,800","2,990,040.00","1,997,672.00"
2024/04/22,"1,891","1,937","1,869","1,898","1,889.60","2,200.36","2,484.33","1,908.0344","2,209,800","3,199,180.00","2,005,404.00"
2024/04/19,"1,922","1,941","1,823","1,872","1,905.00","2,218.60","2,495.42","1,871.7247","2,979,200","3,181,500.00","2,102,316.00"
2024/04/18,"1,870","1,947","1,840","1,911","1,939.60","2,239.72","2,506.61","1,908.4025","3,350,200","2,888,700.00","2,062,984.00"
2024/04/17,"1,919","1,924","1,820","1,862","1,972.60","2,258.88","2,516.28","1,862.3234","4,231,200","2,538,800.00","2,069,968.00"
2024/04/16,"1,918","1,963","1,897","1,905","2,029.00","2,282.76","2,527.04","1,923.5178","3,225,500","2,021,080.00","2,038,772.00"
2024/04/15,"2,010","2,034","1,974","1,975","2,070.60","2,299.04","2,536.41","2,000.6233","2,121,400","1,668,140.00","1,987,028.00"
2024/04/12,"2,083","2,103","2,043","2,045","2,106.80","2,315.56","2,545.74","2,065.5785","1,515,200","1,498,220.00","1,989,552.00"
2024/04/11,"2,109","2,137","2,065","2,076","2,127.80","2,329.72","2,554.82","2,088.3241","1,600,700","1,653,360.00","2,017,956.00"
2024/04/10,"2,198","2,237","2,140","2,144","2,155.60","2,346.04","2,563.78","2,173.0275","1,642,600","1,591,300.00","2,065,608.00"
2024/04/09,"2,132","2,149","2,110","2,113","2,175.00","2,357.76","2,570.90","2,125.0403","1,460,800","1,554,180.00","2,089,984.00"
2024/04/08,"2,170","2,206","2,147","2,156","2,204.80","2,373.00","2,579.68","2,169.1041","1,271,800","1,589,640.00","2,095,324.00"
2024/04/05,"2,170","2,186","2,123","2,150","2,235.00","2,387.44","2,587.90","2,151.0227","2,290,900","1,746,680.00","2,105,208.00"
2024/04/04,"2,252","2,263","2,212","2,215","2,276.20","2,403.00","2,596.42","2,232.5833","1,290,400","1,792,760.00","2,072,400.00"
2024/04/03,"2,230","2,285","2,212","2,241","2,315.20","2,415.04","2,604.73","2,246.4203","1,457,000","1,835,420.00","2,078,372.00"
2024/04/02,"2,314","2,322","2,246","2,262","2,351.60","2,427.40","2,614.58","2,278.2720","1,638,100","1,751,300.00","2,085,768.00"
2024/04/01,"2,370","2,376","2,292","2,307","2,383.20","2,439.40","2,624.76","2,318.2896","2,057,000","1,707,540.00","2,125,468.00"
2024/03/29,"2,405","2,423","2,313","2,356","2,417.20","2,445.72","2,635.00","2,357.2988","2,521,300","1,650,060.00","2,142,224.00"
2024/03/28,"2,465","2,495","2,410","2,410","2,452.60","2,451.92","2,645.78","2,447.6421","1,503,700","1,495,700.00","2,139,516.00"
2024/03/27,"2,431","2,451","2,410","2,423","2,461.20","2,456.24","2,655.18","2,429.0468","1,036,400","1,528,560.00","2,194,856.00"
2024/03/26,"2,475","2,482","2,414","2,420","2,457.60","2,460.36","2,664.94","2,435.6529","1,419,300","1,671,760.00","2,242,352.00"
2024/03/25,"2,521","2,534","2,476","2,477","2,453.60","2,465.16","2,675.08","2,509.2725","1,769,600","1,862,520.00","2,292,900.00"
2024/03/22,"2,457","2,538","2,438","2,533","2,429.00","2,465.56","2,685.25","2,484.7494","1,749,500","2,435,120.00","2,376,356.00"
2024/03/21,"2,425","2,469","2,407","2,453","2,402.40","2,465.24","2,693.81","2,443.1117","1,668,000","2,484,400.00","2,444,236.00"
2024/03/19,"2,382","2,424","2,370","2,405","2,389.80","2,468.68","2,700.73","2,393.9415","1,752,400","2,855,760.00","2,621,680.00"
2024/03/18,"2,380","2,404","2,321","2,400","2,400.60","2,476.88","2,707.62","2,374.7452","2,373,100","3,195,540.00","3,059,104.00"
2024/03/15,"2,289","2,360","2,255","2,354","2,383.00","2,491.92","2,715.62","2,303.9215","4,632,600","3,107,300.00","3,076,616.00"
2024/03/14,"2,370","2,409","2,307","2,400","2,389.80","2,510.00","2,724.30","2,369.5063","1,995,900","2,617,680.00","3,046,804.00"
2024/03/13,"2,460","2,461","2,338","2,390","2,389.60","2,529.76","2,732.70","2,385.8849","3,524,800","2,663,560.00","3,085,420.00"
2024/03/12,"2,315","2,465","2,289","2,459","2,408.40","2,548.56","2,740.78","2,383.5888","3,451,300","2,517,000.00","3,039,376.00"
2024/03/11,"2,351","2,379","2,305","2,312","2,404.00","2,562.60","2,745.62","2,329.5576","1,931,900","2,277,140.00","3,014,668.00"
2024/03/08,"2,384","2,436","2,370","2,388","2,440.40","2,582.88","2,753.04","2,390.5366","2,184,500","2,209,620.00","3,042,596.00"
2024/03/07,"2,476","2,478","2,384","2,399","2,466.20","2,602.40","2,758.98","2,421.9463","2,225,300","2,076,500.00","3,061,196.00"
2024/03/06,"2,400","2,525","2,395","2,484","2,494.20","2,621.16","2,762.80","2,484.5763","2,792,000","1,925,580.00","3,137,248.00"
2024/03/05,"2,488","2,495","2,418","2,437","2,500.60","2,638.28","2,768.72","2,444.0719","2,252,000","1,655,120.00","3,237,968.00"
2024/03/04,"2,528","2,563","2,494","2,494","2,523.20","2,658.56","2,771.73","2,524.6791","1,594,300","1,533,100.00","3,415,204.00"
2024/03/01,"2,550","2,572","2,498","2,517","2,536.80","2,675.40","2,775.24","2,531.6946","1,518,900","1,740,360.00","3,618,472.00"
2024/02/29,"2,510","2,539","2,482","2,539","2,526.40","2,686.68","2,776.94","2,516.0675","1,470,700","1,931,760.00","3,712,216.00"
2024/02/28,"2,530","2,551","2,496","2,516","2,520.80","2,692.24","2,778.05","2,520.6303","1,439,700","2,128,340.00","3,799,560.00"
2024/02/27,"2,562","2,606","2,528","2,550","2,521.20","2,698.68","2,778.77","2,557.8768","1,641,900","2,417,840.00","3,857,000.00"
2024/02/26,"2,461","2,579","2,437","2,562","2,516.40","2,700.52","2,777.30","2,520.9534","2,630,600","2,534,220.00","3,876,164.00"
2024/02/22,"2,520","2,528","2,465","2,465","2,512.00","2,700.00","2,774.48","2,489.9719","2,475,900","2,544,700.00","3,871,600.00"
2024/02/21,"2,501","2,529","2,473","2,511","2,516.40","2,704.20","2,772.85","2,500.6680","2,453,600","2,820,720.00","3,925,716.00"
2024/02/20,"2,543","2,608","2,516","2,518","2,519.20","2,708.88","2,770.78","2,554.3475","2,887,200","3,019,300.00","4,006,136.00"
2024/02/19,"2,540","2,572","2,514","2,526","2,523.40","2,717.24","2,768.17","2,541.8855","2,223,800","3,662,680.00","4,022,476.00"
2024/02/16,"2,480","2,554","2,475","2,540","2,540.20","2,725.28","2,765.49","2,520.0408","2,683,000","5,755,520.00","4,130,776.00"
2024/02/15,"2,537","2,576","2,487","2,487","2,587.40","2,730.60","2,763.84","2,527.1829","3,856,000","5,781,100.00","4,160,840.00"
2024/02/14,"2,495","2,537","2,473","2,525","2,651.20","2,737.80","2,763.17","2,506.5262","3,446,500","5,787,360.00","4,126,040.00"
2024/02/13,"2,633","2,660","2,522","2,539","2,725.00","2,744.40","2,760.05","2,579.4492","6,104,100","5,690,320.00","4,136,448.00"
2024/02/09,"2,665","2,705","2,510","2,610","2,789.20","2,753.64","2,758.74","2,589.9988","12,688,000","4,944,240.00","4,088,104.00"
2024/02/08,"2,819","2,828","2,762","2,776","2,829.20","2,762.24","2,757.16","2,793.2049","2,810,900","2,973,360.00","3,733,484.00"
2024/02/07,"2,894","2,904","2,781","2,806","2,837.80","2,760.72","2,755.48","2,822.6550","3,887,300","2,937,200.00","3,749,560.00"
2024/02/06,"2,867","2,905","2,817","2,894","2,851.80","2,757.68","2,752.60","2,871.9662","2,961,300","2,689,640.00","3,725,888.00"
2024/02/05,"2,828","2,864","2,791","2,860","2,846.60","2,750.36","2,748.61","2,827.6952","2,373,700","2,922,700.00","3,703,192.00"
2024/02/02,"2,841","2,884","2,810","2,810","2,857.00","2,741.40","2,745.97","2,852.7013","2,833,600","3,509,960.00","3,728,156.00"
2024/02/01,"2,871","2,898","2,808","2,819","2,883.80","2,735.76","2,744.10","2,840.3595","2,630,100","4,279,820.00","3,719,984.00"
2024/01/31,"2,850","2,879","2,812","2,876","2,903.00","2,727.32","2,742.57","2,841.3363","2,649,500","5,089,000.00","3,735,372.00"
2024/01/30,"2,922","2,939","2,839","2,868","2,887.60","2,719.28","2,740.20","2,881.3048","4,126,600","5,331,600.00","3,735,576.00"
2024/01/29,"2,900","2,978","2,876","2,912","2,849.60","2,713.60","2,736.82","2,927.3518","5,310,000","5,237,140.00","3,712,360.00"
2024/01/26,"2,892","3,015","2,872","2,944","2,802.60","2,707.04","2,733.26","2,960.7895","6,682,900","4,750,280.00","3,682,320.00"
2024/01/25,"2,790","2,923","2,758","2,915","2,733.00","2,696.40","2,727.88","2,866.8433","6,676,000","3,837,900.00","3,558,176.00"
2024/01/24,"2,684","2,799","2,674","2,799","2,659.80","2,690.64","2,722.60","2,755.7938","3,862,500","3,006,000.00","3,575,596.00"
2024/01/23,"2,689","2,720","2,626","2,678","2,614.00","2,689.60","2,718.29","2,678.1335","3,654,300","2,999,260.00","3,596,376.00"
2024/01/22,"2,646","2,682","2,603","2,677","2,604.00","2,694.04","2,715.52","2,655.5371","2,875,700","3,161,220.00","3,629,920.00"
2024/01/19,"2,596","2,608","2,564","2,596","2,614.00","2,700.48","2,713.12","2,588.1457","2,121,000","3,245,220.00","3,752,748.00"
2024/01/18,"2,553","2,606","2,539","2,549","2,640.20","2,715.84","2,712.89","2,568.7258","2,516,500","3,807,280.00","3,841,232.00"
2024/01/17,"2,611","2,653","2,557","2,570","2,665.00","2,734.88","2,712.97","2,600.3911","3,828,800","3,990,900.00","3,823,016.00"
2024/01/16,"2,750","2,772","2,621","2,628","2,684.40","2,755.08","2,712.04","2,677.9557","4,464,100","3,822,340.00","3,743,972.00"
2024/01/15,"2,691","2,755","2,674","2,727","2,696.80","2,776.56","2,710.08","2,716.6113","3,295,700","3,670,860.00","3,642,028.00"
2024/01/12,"2,668","2,730","2,602","2,727","2,705.40","2,792.08","2,705.60","2,659.1819","4,931,300","3,990,820.00","3,608,512.00"
2024/01/11,"2,689","2,694","2,636","2,673","2,725.00","2,809.20","2,702.48","2,669.6120","3,434,600","3,769,060.00","3,504,700.00"
2024/01/10,"2,659","2,714","2,631","2,667","2,738.00","2,829.48","2,701.92","2,674.4495","2,986,000","3,724,700.00","3,560,592.00"
2024/01/09,"2,794","2,799","2,690","2,690","2,750.60","2,852.40","2,702.78","2,735.7326","3,706,700","3,786,600.00","3,649,300.00"
2024/01/05,"2,860","2,891","2,761","2,770","2,754.80","2,871.80","2,700.84","2,822.2606","4,895,500","3,524,040.00","3,694,600.00"
2024/01/04,"2,698","2,826","2,673","2,825","2,728.00","2,879.88","2,697.49","2,772.0644","3,822,500","3,144,500.00","3,715,416.00"
2023/12/29,"2,740","2,763","2,688","2,738","2,696.80","2,883.76","2,694.01","2,725.0313","3,212,800","2,905,860.00","3,777,728.00"
2023/12/28,"2,687","2,732","2,637","2,730","2,670.80","2,894.24","2,690.96","2,692.2048","3,295,500","2,866,260.00","3,816,552.00"
2023/12/27,"2,649","2,712","2,640","2,711","2,659.80","2,905.24","2,687.94","2,684.3975","2,393,900","2,738,080.00","3,851,228.00"
2023/12/26,"2,674","2,723","2,627","2,636","2,662.80","2,918.00","2,685.70","2,676.1821","2,997,800","2,968,540.00","4,027,632.00"
2023/12/25,"2,637","2,708","2,601","2,669","2,685.20","2,932.40","2,685.38","2,655.6113","2,629,300","3,280,780.00","4,410,484.00"
2023/12/22,"2,700","2,706","2,600","2,608","2,687.00","2,938.52","2,682.77","2,644.0203","3,014,800","3,470,780.00","4,633,352.00"
2023/12/21,"2,709","2,728","2,670","2,675","2,719.60","2,948.92","2,680.20","2,694.7937","2,654,600","4,290,120.00","4,898,060.00"
2023/12/20,"2,797","2,816","2,725","2,726","2,739.20","2,955.28","2,675.49","2,772.3455","3,546,200","4,635,600.00","5,363,196.00"
2023/12/19,"2,721","2,789","2,694","2,748","2,751.80","2,953.64","2,669.80","2,736.1238","4,559,000","4,824,940.00","5,736,928.00"
2023/12/18,"2,771","2,812","2,655","2,678","2,769.80","2,960.84","2,664.24","2,701.8861","3,579,300","5,102,420.00","6,170,384.00"
2023/12/15,"2,711","2,771","2,629","2,771","2,830.20","2,960.24","2,658.16","2,721.4724","7,111,500","5,253,180.00","6,560,012.00"
2023/12/14,"2,853","2,876","2,747","2,773","2,881.00","2,959.68","2,649.38","2,791.5254","4,382,000","4,243,100.00","6,505,732.00"
2023/12/13,"2,840","2,873","2,767","2,789","2,941.40","2,954.56","2,641.36","2,816.7232","4,492,900","3,737,240.00","6,520,596.00"
2023/12/12,"2,988","2,990","2,798","2,838","3,016.60","2,947.88","2,632.90","2,871.2494","5,946,400","3,221,760.00","6,498,064.00"
2023/12/11,"3,035","3,045","2,938","2,980","3,072.00","2,937.16","2,623.50","2,979.4341","4,333,100","2,524,040.00","6,427,888.00"
2023/12/08,"3,025","3,100","3,000","3,025","3,107.00","2,915.56","2,612.34","3,043.1350","2,061,100","2,124,620.00","6,399,204.00"
2023/12/07,"3,130","3,160","3,070","3,075","3,138.00","2,888.56","2,600.93","3,100.5630","1,852,700","2,678,780.00","6,453,856.00"
2023/12/06,"3,145","3,220","3,140","3,165","3,171.00","2,859.28","2,589.13","3,184.0136","1,915,500","3,348,980.00","6,509,940.00"
2023/12/05,"3,100","3,155","3,040","3,115","3,173.00","2,826.92","2,574.69","3,102.0860","2,457,800","3,933,720.00","6,527,628.00"
2023/12/04,"3,210","3,235","3,115","3,155","3,144.40","2,795.20","2,561.02","3,167.1762","2,336,000","4,525,340.00","6,545,832.00"
2023/12/01,"3,310","3,325","3,135","3,180","3,097.80","2,762.00","2,548.50","3,222.5716","4,831,900","5,134,200.00","6,599,048.00"
2023/11/30,"3,210","3,290","3,180","3,240","3,061.80","2,731.44","2,536.17","3,248.0130","5,203,700","5,004,500.00","6,590,648.00"
2023/11/29,"2,987","3,175","2,986","3,175","3,014.80","2,699.32","2,523.77","3,096.0537","4,839,200","4,796,240.00","6,623,172.00"
2023/11/28,"2,923","2,991","2,898","2,972","2,985.80","2,663.96","2,515.18","2,954.9301","5,415,900","5,189,200.00","6,665,184.00"
2023/11/27,"3,025","3,055","2,889","2,922","2,990.60","2,642.72","2,507.78","2,947.1829","5,380,300","6,619,840.00","6,662,780.00"
2023/11/24,"3,055","3,085","2,966","3,000","2,970.60","2,625.48","2,500.77","3,014.8606","4,183,400","7,183,980.00","6,654,960.00"
2023/11/22,"3,010","3,090","2,990","3,005","2,944.20","2,611.48","2,492.64","3,032.2457","4,162,400","8,273,800.00","6,617,900.00"
2023/11/21,"3,050","3,110","2,982","3,030","2,910.00","2,594.88","2,483.52","3,044.3319","6,804,000","10,297,920.00","6,617,176.00"
2023/11/20,"2,850","3,030","2,833","2,996","2,841.00","2,577.48","2,474.68","2,979.7851","12,569,100","11,515,020.00","6,473,520.00"
2023/11/17,"2,851","2,884","2,796","2,822","2,827.40","2,564.12","2,467.09","2,829.8481","8,201,000","12,080,280.00","6,086,688.00"
2023/11/16,"2,815","2,874","2,730","2,868","2,795.60","2,558.04","2,462.20","2,798.9904","9,632,500","13,104,080.00","5,910,452.00"
2023/11/15,"2,835","2,866","2,703","2,834","2,773.40","2,551.48","2,455.17","2,797.4033","14,283,000","12,328,480.00","5,763,876.00"
2023/11/14,"2,946","2,950","2,685","2,685","2,735.60","2,546.04","2,449.18","2,799.7101","12,889,500","10,422,600.00","5,383,488.00"
2023/11/13,"2,722","2,930","2,711","2,928","2,723.00","2,543.24","2,445.85","2,863.5119","15,395,400","8,630,620.00","5,048,516.00"
2023/11/10,"2,565","2,744","2,480","2,663","2,651.40","2,531.92","2,439.66","2,618.4169","13,320,000","6,389,940.00","4,633,276.00"
2023/11/09,"2,656","2,768","2,648","2,757","2,606.80","2,527.00","2,436.96","2,729.2203","5,754,500","4,449,140.00","4,238,116.00"
2023/11/08,"2,632","2,660","2,582","2,645","2,525.40","2,517.48","2,431.62","2,627.0898","4,753,600","3,983,720.00","4,128,680.00"
2023/11/07,"2,536","2,628","2,528","2,622","2,465.00","2,510.72","2,429.37","2,588.7662","3,929,600","3,683,960.00","4,071,360.00"
2023/11/06,"2,526","2,606","2,502","2,570","2,411.80","2,504.64","2,428.20","2,569.6524","4,192,000","3,369,580.00","4,041,824.00"
2023/11/02,"2,390","2,474","2,379","2,440","2,362.20","2,501.72","2,428.00","2,437.0467","3,616,000","3,113,760.00","4,024,024.00"
2023/11/01,"2,393","2,394","2,290","2,350","2,339.20","2,507.28","2,429.97","2,333.7486","3,427,400","3,123,840.00","4,030,096.00"
2023/10/31,"2,356","2,385","2,302","2,343","2,352.40","2,515.48","2,435.02","2,342.4493","3,254,800","3,362,740.00","4,099,216.00"
2023/10/30,"2,300","2,366","2,288","2,356","2,371.20","2,521.76","2,438.25","2,330.5478","2,357,700","3,915,140.00","4,091,112.00"
2023/10/27,"2,343","2,369","2,308","2,322","2,358.20","2,526.76","2,442.45","2,336.2239","2,912,900","4,621,500.00","4,172,596.00"
2023/10/26,"2,322","2,357","2,300","2,325","2,382.00","2,529.52","2,445.00","2,329.5401","3,666,400","5,110,080.00","4,228,672.00"
2023/10/25,"2,472","2,489","2,395","2,416","2,415.20","2,536.24","2,447.41","2,439.1922","4,621,900","5,413,760.00","4,259,696.00"
2023/10/24,"2,340","2,457","2,298","2,437","2,462.00","2,544.84","2,448.90","2,366.3322","6,016,800","5,140,760.00","4,238,728.00"
2023/10/23,"2,402","2,427","2,276","2,291","2,492.60","2,556.64","2,452.88","2,334.0957","5,889,500","4,766,260.00","4,453,852.00"
2023/10/20,"2,452","2,465","2,359","2,441","2,553.40","2,566.76","2,458.62","2,414.3597","5,355,800","4,230,880.00","4,339,768.00"
2023/10/19,"2,605","2,625","2,489","2,491","2,597.60","2,569.88","2,462.08","2,533.9024","5,184,800","3,739,380.00","4,305,708.00"
2023/10/18,"2,599","2,650","2,536","2,650","2,633.40","2,572.80","2,466.02","2,586.8270","3,256,900","3,461,440.00","4,363,368.00"
2023/10/17,"2,639","2,686","2,581","2,590","2,644.20","2,567.16","2,468.34","2,635.9690","4,144,300","4,003,680.00","4,451,512.00"
2023/10/16,"2,627","2,662","2,580","2,595","2,665.80","2,563.72","2,471.02","2,613.1913","3,212,600","4,129,480.00","4,436,288.00"
2023/10/13,"2,650","2,674","2,593","2,662","2,669.80","2,561.64","2,472.26","2,630.9881","2,898,300","4,390,000.00","4,499,372.00"
2023/10/12,"2,730","2,730","2,625","2,670","2,666.40","2,559.64","2,472.49","2,658.5112","3,795,100","4,813,220.00","4,673,800.00"
2023/10/11,"2,730","2,815","2,667","2,704","2,640.40","2,551.76","2,474.36","2,733.2308","5,968,100","4,742,400.00","4,748,132.00"
2023/10/10,"2,650","2,745","2,648","2,698","2,603.40","2,540.20","2,477.28","2,707.8580","4,773,300","4,152,500.00","4,682,896.00"
2023/10/06,"2,618","2,671","2,565","2,615","2,559.00","2,525.16","2,481.22","2,609.4405","4,515,200","3,861,960.00","4,629,300.00"
2023/10/05,"2,570","2,645","2,530","2,645","2,530.00","2,512.52","2,486.62","2,591.3149","5,014,400","3,597,160.00","4,635,160.00"
2023/10/04,"2,469","2,569","2,440","2,540","2,500.40","2,499.96","2,492.09","2,509.1062","3,441,000","3,343,680.00","4,730,808.00"
2023/10/03,"2,454","2,524","2,388","2,519","2,508.20","2,487.24","2,495.46","2,452.7944","3,018,600","3,409,040.00","4,764,424.00"
2023/10/02,"2,520","2,560","2,452","2,476","2,515.40","2,471.00","2,496.22","2,499.0072","3,320,600","3,836,400.00","4,770,532.00"
2023/09/29,"2,519","2,550","2,470","2,470","2,520.20","2,458.80","2,493.64","2,506.8445","3,191,200","3,782,720.00","4,722,092.00"
2023/09/28,"2,626","2,626","2,479","2,497","2,522.40","2,446.20","2,492.08","2,524.6575","3,747,000","4,023,440.00","4,697,460.00"
2023/09/27,"2,507","2,640","2,504","2,579","2,501.20","2,431.64","2,490.45","2,588.7543","3,767,800","4,137,000.00","4,631,700.00"
2023/09/26,"2,546","2,669","2,520","2,555","2,484.00","2,414.20","2,488.01","2,603.0638","5,155,400","4,271,840.00","4,622,048.00"
2023/09/25,"2,490","2,538","2,441","2,500","2,499.20","2,398.76","2,484.72","2,499.8089","3,052,200","4,060,300.00","4,629,796.00"
2023/09/22,"2,350","2,497","2,315","2,481","2,545.60","2,386.36","2,482.18","2,432.4963","4,394,800","5,728,840.00","4,766,344.00"
2023/09/21,"2,505","2,509","2,350","2,391","2,558.20","2,370.40","2,480.50","2,392.4290","4,314,800","5,457,360.00","4,794,120.00"
2023/09/20,"2,565","2,593","2,457","2,493","2,583.80","2,358.36","2,477.96","2,511.9996","4,442,000","5,495,260.00","4,844,728.00"
2023/09/19,"2,682","2,720","2,608","2,631","2,598.00","2,347.28","2,473.12","2,650.8107","4,097,700","5,932,120.00","4,898,524.00"
2023/09/15,"2,660","2,810","2,622","2,732","2,573.60","2,332.24","2,464.10","2,707.7264","11,394,900","6,204,680.00","4,988,256.00"
2023/09/14,"2,551","2,577","2,470","2,544","2,528.00","2,315.36","2,454.28","2,507.9248","3,037,400","4,678,440.00","5,347,720.00"
2023/09/13,"2,598","2,610","2,501","2,519","2,527.80","2,314.84","2,446.24","2,553.4308","4,504,300","5,028,900.00","5,477,948.00"
2023/09/12,"2,545","2,682","2,545","2,564","2,546.40","2,310.76","2,438.64","2,612.1247","6,626,300","5,579,840.00","5,452,904.00"
2023/09/11,"2,510","2,623","2,477","2,509","2,528.20","2,304.04","2,429.92","2,537.1810","5,460,500","5,385,260.00","5,304,620.00"
2023/09/08,"2,512","2,580","2,493","2,504","2,509.40","2,299.28","2,422.96","2,532.5225","3,763,700","5,160,600.00","5,195,948.00"
2023/09/07,"2,577","2,621","2,531","2,543","2,473.00","2,291.96","2,415.53","2,570.9634","4,789,700","5,094,540.00","5,127,960.00"
2023/09/06,"2,472","2,634","2,464","2,612","2,424.20","2,284.92","2,407.37","2,588.6866","7,259,000","5,068,940.00","5,031,372.00"
2023/09/05,"2,411","2,499","2,347","2,473","2,368.00","2,277.52","2,399.80","2,437.5782","5,653,400","5,098,260.00","4,882,520.00"
2023/09/04,"2,339","2,434","2,295","2,415","2,317.80","2,276.80","2,394.62","2,386.4312","4,337,200","4,823,860.00","4,832,844.00"
2023/09/01,"2,285","2,345","2,264","2,322","2,257.40","2,273.84","2,388.06","2,308.3075","3,433,400","4,590,680.00","4,901,456.00"
2023/08/31,"2,349","2,349","2,273","2,299","2,227.20","2,276.36","2,383.21","2,304.9188","4,661,700","4,325,920.00","4,967,516.00"
2023/08/30,"2,260","2,358","2,217","2,331","2,198.40","2,281.80","2,376.48","2,308.9542","7,405,600","3,908,660.00","4,950,264.00"
2023/08/29,"2,120","2,238","2,106","2,222","2,158.80","2,287.12","2,368.42","2,191.0245","4,281,400","2,848,140.00","4,829,136.00"
2023/08/28,"2,199","2,199","2,096","2,113","2,143.00","2,296.64","2,361.45","2,137.7330","3,171,300","2,697,160.00","4,871,576.00"
2023/08/25,"2,135","2,179","2,118","2,171","2,154.20","2,306.40","2,357.68","2,154.6066","2,109,600","3,132,720.00","4,998,040.00"
2023/08/24,"2,146","2,181","2,118","2,155","2,158.00","2,318.60","2,351.77","2,149.5507","2,575,400","4,003,980.00","5,143,832.00"
2023/08/23,"2,126","2,171","2,116","2,133","2,143.40","2,333.76","2,345.34","2,140.8642","2,103,000","4,506,740.00","5,330,388.00"
2023/08/22,"2,219","2,258","2,143","2,143","2,134.80","2,350.64","2,339.68","2,192.7866","3,526,500","5,202,140.00","5,644,948.00"
2023/08/21,"2,180","2,183","2,075","2,169","2,149.40","2,368.44","2,333.18","2,127.6540","5,349,100","5,654,220.00","5,876,436.00"
2023/08/18,"2,065","2,228","2,063","2,190","2,166.60","2,390.84","2,325.70","2,164.3356","6,465,900","5,852,600.00","6,066,520.00"
2023/08/17,"2,040","2,142","2,028","2,082","2,190.60","2,406.64","2,317.62","2,093.5769","5,089,200","8,635,720.00","6,179,396.00"
2023/08/16,"2,166","2,189","2,086","2,090","2,280.40","2,430.20","2,309.13","2,120.7487","5,580,000","8,876,500.00","6,344,768.00"
2023/08/15,"2,250","2,270","2,142","2,216","2,345.80","2,447.12","2,300.86","2,206.4936","5,786,900","8,536,140.00","6,392,404.00"
2023/08/14,"2,335","2,387","2,234","2,255","2,381.80","2,458.72","2,291.01","2,273.4982","6,341,000","7,962,600.00","6,538,104.00"
2023/08/10,"2,481","2,669","2,291","2,310","2,408.80","2,469.64","2,280.28","2,456.7705","20,381,500","7,243,140.00","6,719,308.00"
2023/08/09,"2,418","2,545","2,400","2,531","2,411.00","2,486.64","2,269.04","2,490.7547","6,293,100","3,579,640.00","6,041,500.00"
2023/08/08,"2,429","2,463","2,372","2,417","2,378.20","2,494.28","2,255.82","2,404.0933","3,878,200","2,796,020.00","6,030,092.00"
2023/08/07,"2,385","2,405","2,310","2,396","2,380.20","2,505.60","2,244.89","2,350.4366","2,919,200","2,727,920.00","6,211,172.00"
2023/08/04,"2,340","2,403","2,326","2,390","2,392.00","2,521.24","2,234.26","2,376.5042","2,743,700","3,026,380.00","6,327,476.00"
2023/08/03,"2,317","2,361","2,309","2,321","2,382.20","2,538.60","2,222.40","2,331.4475","2,064,000","3,688,140.00","6,589,568.00"
2023/08/02,"2,386","2,407","2,342","2,367","2,395.00","2,557.40","2,210.12","2,371.6119","2,375,000","4,292,320.00","6,920,228.00"
2023/08/01,"2,470","2,524","2,423","2,427","2,408.60","2,570.24","2,196.82","2,467.6882","3,537,700","4,663,400.00","7,086,400.00"
2023/07/31,"2,357","2,457","2,337","2,455","2,416.00","2,580.32","2,183.36","2,411.2105","4,411,500","4,831,340.00","7,312,580.00"
2023/07/28,"2,309","2,343","2,255","2,341","2,417.00","2,594.52","2,168.57","2,293.8778","6,052,500","5,017,520.00","7,533,928.00"
2023/07/27,"2,444","2,514","2,366","2,385","2,420.20","2,617.80","2,155.14","2,433.5566","5,084,900","5,073,600.00","7,590,884.00"
2023/07/26,"2,450","2,502","2,407","2,435","2,438.40","2,642.16","2,141.22","2,453.4529","4,230,400","5,207,500.00","7,834,936.00"
2023/07/25,"2,470","2,476","2,377","2,464","2,458.20","2,665.56","2,126.64","2,424.6934","4,377,400","5,809,280.00","8,286,060.00"
2023/07/24,"2,381","2,472","2,379","2,460","2,476.40","2,689.20","2,112.38","2,435.4070","5,342,400","6,927,200.00","9,212,176.00"
2023/07/21,"2,438","2,483","2,335","2,357","2,502.00","2,702.52","2,097.77","2,380.2924","6,332,900","7,721,460.00","10,017,768.00"
2023/07/20,"2,501","2,513","2,427","2,476","2,576.40","2,711.28","2,085.30","2,464.9059","5,754,400","8,475,120.00","10,668,576.00"
2023/07/19,"2,605","2,624","2,505","2,534","2,598.20","2,703.52","2,070.28","2,554.3641","7,239,300","9,181,800.00","10,693,748.00"
2023/07/18,"2,588","2,669","2,537","2,555","2,625.60","2,696.28","2,054.17","2,597.2876","9,967,000","9,578,640.00","10,570,688.00"
2023/07/14,"2,739","2,752","2,575","2,588","2,617.20","2,689.08","2,039.68","2,632.9620","9,313,700","8,939,420.00","10,455,332.00"
2023/07/13,"2,601","2,735","2,552","2,729","2,600.80","2,681.40","2,024.77","2,667.2821","10,101,200","8,962,560.00","10,383,628.00"
2023/07/12,"2,700","2,732","2,561","2,585","2,560.60","2,664.56","2,007.05","2,657.0632","9,287,800","9,116,540.00","10,272,604.00"
2023/07/11,"2,548","2,714","2,539","2,671","2,590.60","2,653.56",--,"2,650.5691","9,223,500","7,946,240.00","10,322,380.00"
2023/07/10,"2,520","2,565","2,464","2,513","2,600.80","2,640.92",--,"2,513.6807","6,770,900","7,303,120.00","10,360,344.00"
2023/07/07,"2,428","2,565","2,416","2,506","2,638.20","2,628.40",--,"2,503.6497","9,429,400","7,629,980.00","10,446,176.00"
2023/07/06,"2,692","2,730","2,461","2,528","2,694.40","2,613.36",--,"2,566.1187","10,871,100","6,909,460.00","10,688,060.00"
2023/07/05,"2,681","2,746","2,655","2,735","2,753.60","2,590.44",--,"2,707.0673","3,436,300","6,594,440.00","10,400,292.00"
2023/07/04,"2,655","2,729","2,637","2,722","2,764.80","2,560.84",--,"2,683.1628","6,007,900","7,973,280.00","10,483,376.00"
2023/07/03,"2,837","2,904","2,695","2,700","2,758.00","2,529.60",--,"2,786.9449","8,405,200","8,077,560.00","10,518,668.00"
2023/06/30,"2,800","2,838","2,737","2,787","2,753.80","2,499.56",--,"2,779.3126","5,826,800","8,234,960.00","10,316,220.00"
2023/06/29,"2,835","2,924","2,803","2,824","2,758.40","2,464.48",--,"2,856.8537","9,296,000","9,058,640.00","10,302,096.00"
2023/06/28,"2,755","2,846","2,671","2,791","2,778.20","2,431.00",--,"2,774.7290","10,330,500","8,694,720.00","10,131,860.00"
2023/06/27,"2,700","2,761","2,602","2,688","2,818.80","2,397.24",--,"2,672.7734","6,529,300","8,865,860.00","9,998,144.00"
2023/06/26,"2,760","2,799","2,605","2,679","2,885.20","2,366.96",--,"2,694.1385","9,192,200","10,661,700.00","10,200,224.00"
2023/06/23,"2,945","3,015","2,717","2,810","2,960.40","2,341.56",--,"2,854.6200","9,945,200","14,329,320.00","10,288,484.00"
2023/06/22,"2,965","3,065","2,885","2,923","2,957.00","2,312.56",--,"2,954.6812","7,476,400","17,436,720.00","10,467,976.00"
2023/06/21,"2,905","3,145","2,876","2,994","2,887.60","2,272.56",--,"3,016.2054","11,186,200","20,462,060.00","10,560,732.00"
2023/06/20,"3,080","3,170","2,911","3,020","2,745.20","2,231.12",--,"3,010.6154","15,508,500","19,501,560.00","10,678,912.00"
2023/06/19,"2,843","3,105","2,755","3,055","2,611.80","2,182.08",--,"2,922.9048","27,530,300","17,232,420.00","10,306,572.00"
2023/06/16,"2,626","2,833","2,572","2,793","2,475.80","2,128.96",--,"2,724.1617","25,482,200","13,142,980.00","9,578,116.00"
2023/06/15,"2,306","2,640","2,296","2,576","2,396.40","2,085.20",--,"2,525.2387","22,603,100","9,550,760.00","8,879,288.00"
2023/06/14,"2,330","2,425","2,275","2,282","2,342.80","2,055.36",--,"2,334.1297","6,383,700","6,495,260.00","8,280,736.00"
2023/06/13,"2,394","2,403","2,316","2,353","2,348.40","2,033.20",--,"2,349.2459","4,162,800","7,324,960.00","8,211,536.00"
2023/06/12,"2,446","2,457","2,367","2,375","2,348.80","2,006.00",--,"2,403.6493","7,083,100","8,526,920.00","8,387,816.00"
2023/06/09,"2,335","2,414","2,282","2,396","2,313.80","1,979.32",--,"2,375.0272","7,521,100","8,893,640.00","8,468,292.00"
2023/06/08,"2,319","2,384","2,247","2,308","2,260.60","1,949.72",--,"2,312.7151","7,325,600","10,484,720.00","8,425,072.00"
2023/06/07,"2,415","2,424","2,221","2,310","2,190.00","1,921.72",--,"2,340.9267","10,532,200","9,754,980.00","8,396,888.00"
2023/06/06,"2,194","2,386","2,184","2,355","2,127.00","1,892.68",--,"2,308.3589","10,172,600","8,751,220.00","8,837,388.00"
2023/06/05,"2,175","2,242","2,150","2,200","2,044.20","1,856.28",--,"2,195.7167","8,916,700","8,094,740.00","8,474,892.00"
2023/06/02,"2,010","2,179","1,993","2,130","1,994.00","1,827.08",--,"2,084.2210","15,476,500","6,980,200.00","8,208,792.00"
2023/06/01,"1,990","2,012","1,952","1,955","1,950.00","1,800.96",--,"1,977.2476","3,676,900","4,979,640.00","7,650,752.00"
2023/05/31,"1,933","1,995","1,926","1,995","1,956.40","1,780.76",--,"1,958.5630","5,513,400","5,252,280.00","7,593,900.00"
2023/05/30,"1,938","2,028","1,913","1,941","1,946.80","1,759.64",--,"1,957.4327","6,890,200","5,547,120.00","7,540,780.00"
2023/05/29,"1,925","1,963","1,893","1,949","1,944.80","1,743.60",--,"1,933.2445","3,344,000","6,485,340.00","7,401,920.00"
2023/05/26,"2,010","2,015","1,891","1,910","1,963.80","1,729.52",--,"1,933.7619","5,473,700","8,096,280.00","7,574,836.00"
2023/05/25,"1,947","1,998","1,910","1,987","1,998.80","1,717.08",--,"1,964.1359","5,040,100","9,888,040.00","8,014,724.00"
2023/05/24,"1,880","1,977","1,854","1,947","1,986.00","1,697.60",--,"1,928.4016","6,987,600","10,839,080.00","8,199,400.00"
2023/05/23,"2,074","2,125","1,910","1,931","1,988.20","1,675.72",--,"2,017.7302","11,581,300","12,269,700.00","8,019,568.00"
2023/05/22,"2,127","2,145","2,018","2,044","1,960.80","1,653.28",--,"2,064.9931","11,398,700","11,193,440.00","7,679,500.00"
2023/05/19,"1,948","2,092","1,882","2,085","1,897.40","1,628.20",--,"2,011.9165","14,432,500","10,777,480.00","7,334,064.00"
2023/05/18,"1,990","2,040","1,893","1,923","1,820.20","1,598.64",--,"1,950.5721","9,795,300","9,493,280.00","6,889,380.00"
2023/05/17,"1,810","1,964","1,809","1,958","1,801.60","1,575.08",--,"1,910.0783","14,140,700","9,062,080.00","6,556,244.00"
2023/05/16,"1,726","1,816","1,713","1,794","1,755.60","1,550.40",--,"1,787.0816","6,200,000","7,164,680.00","6,057,684.00"
2023/05/15,"1,699","1,730","1,606","1,727","1,731.40","1,532.28",--,"1,677.5346","9,318,900","7,638,640.00","5,920,156.00"
2023/05/12,"1,800","1,800","1,675","1,699","1,727.60","1,519.00",--,"1,716.7450","8,011,500","7,593,860.00","5,667,336.00"
2023/05/11,"1,725","1,865","1,718","1,830","1,719.00","1,505.60",--,"1,806.0446","7,639,300","7,279,680.00","5,454,500.00"
2023/05/10,"1,676","1,745","1,665","1,728","1,674.60","1,489.28",--,"1,713.6066","4,653,700","7,076,020.00","5,365,776.00"
2023/05/09,"1,725","1,766","1,661","1,673","1,645.80","1,474.12",--,"1,701.6478","8,569,800","10,454,220.00","5,377,052.00"
2023/05/08,"1,660","1,735","1,635","1,708","1,600.20","1,460.24",--,"1,695.4459","9,095,000","8,962,300.00","5,428,608.00"
2023/05/02,"1,604","1,665","1,585","1,656","1,552.60","1,450.64",--,"1,640.8675","6,440,600","7,596,140.00","5,717,416.00"
2023/05/01,"1,640","1,662","1,573","1,608","1,516.80","1,443.20",--,"1,612.6643","6,621,000","6,613,120.00","6,595,968.00"
2023/04/28,"1,745","1,745","1,561","1,584","1,485.20","1,434.88",--,"1,637.3575","21,544,700","5,740,040.00","7,133,648.00"
2023/04/27,"1,468","1,471","1,441","1,445","1,461.80",--,--,"1,450.6406","1,110,200","2,268,180.00",--
2023/04/26,"1,499","1,515","1,435","1,470","1,480.80",--,--,"1,467.0960","2,264,200","2,729,880.00",--
2023/04/25,"1,460","1,495","1,446","1,477","1,506.20",--,--,"1,469.1953","1,525,500","3,810,420.00",--
2023/04/24,"1,488","1,504","1,434","1,450","1,530.60",--,--,"1,466.7437","2,255,600","6,799,500.00",--
2023/04/21,"1,553","1,579","1,461","1,467","1,540.60",--,--,"1,503.8185","4,185,400","8,279,780.00",--
2023/04/20,"1,594","1,595","1,526","1,540","1,527.20",--,--,"1,559.9561","3,418,700","7,941,060.00",--
2023/04/19,"1,603","1,674","1,565","1,597","1,493.20",--,--,"1,614.1395","7,666,900","7,873,240.00",--
2023/04/18,"1,540","1,695","1,500","1,599","1,457.20",--,--,"1,610.0551","16,470,900","6,892,420.00",--
2023/04/17,"1,421","1,540","1,417","1,500","1,406.60",--,--,"1,483.6109","9,657,000","4,261,320.00",--
2023/04/14,"1,394","1,424","1,382","1,400","1,373.40",--,--,"1,402.3224","2,491,800","2,623,300.00",--
2023/04/13,"1,419","1,429","1,360","1,370","1,361.60",--,--,"1,388.0914","3,079,600","2,460,280.00",--
2023/04/12,"1,363","1,418","1,347","1,417","1,355.80",--,--,"1,385.9323","2,762,800","2,396,720.00",--
2023/04/11,"1,346","1,408","1,338","1,346","1,351.40",--,--,"1,371.5631","3,315,400","2,443,840.00",--
2023/04/10,"1,350","1,363","1,326","1,334","1,355.00",--,--,"1,339.5405","1,466,900","2,318,880.00",--
2023/04/07,"1,360","1,364","1,320","1,341","1,372.60",--,--,"1,340.6416","1,676,700","3,109,740.00",--
2023/04/06,"1,382","1,410","1,330","1,341","1,374.20",--,--,"1,364.6538","2,761,800","3,761,520.00",--
2023/04/05,"1,330","1,414","1,327","1,395","1,371.20",--,--,"1,380.0389","2,998,400","5,180,900.00",--
2023/04/04,"1,405","1,417","1,355","1,364","1,385.80",--,--,"1,382.7900","2,690,600","7,844,260.00",--
2023/04/03,"1,355","1,426","1,336","1,422","1,407.00",--,--,"1,390.0248","5,421,200","12,987,020.00",--
2023/03/31,"1,337","1,354","1,300","1,349","1,402.60",--,--,"1,333.6013","4,935,600","15,915,380.00",--
2023/03/30,"1,465","1,486","1,303","1,326",--,--,--,"1,380.4325","9,858,700",--,--
2023/03/29,"1,470","1,540","1,450","1,468",--,--,--,"1,489.1859","16,315,200",--,--
2023/03/28,"1,370","1,497","1,328","1,470",--,--,--,"1,428.7677","28,404,400",--,--
2023/03/27,"1,750","2,000","1,390","1,400",--,--,--,"1,614.9871","20,063,000",--,--
